{
	"format_version": "1.12.0",
	"minecraft:geometry": [
		{
			"description": {
				"identifier": "geometry.Neuro - Converted",
				"texture_width": 256,
				"texture_height": 256,
				"visible_bounds_width": 5,
				"visible_bounds_height": 6.5,
				"visible_bounds_offset": [0, 2.75, 0]
			},
			"bones": [
				{
					"name": "LeftArm",
					"pivot": [2.10817, 29.44719, 0.01875],
					"cubes": [
						{
							"origin": [-0.2833, 23.53007, -1.8],
							"size": [3.1, 7, 3.6],
							"uv": {
								"north": {"uv": [60, 7], "uv_size": [3, 7]},
								"east": {"uv": [49, 0], "uv_size": [3.5, 7]},
								"south": {"uv": [61, 0], "uv_size": [3, 7]},
								"west": {"uv": [49, 15], "uv_size": [3.5, 7]},
								"up": {"uv": [82, 55], "uv_size": [3, 3.5]},
								"down": {"uv": [82, 68.5], "uv_size": [3, -3.5]}
							}
						},
						{
							"origin": [-0.2583, 29.08007, -1.775],
							"size": [3.075, 0.1, 3.6],
							"inflate": 0.03,
							"uv": {
								"north": {"uv": [117, 78], "uv_size": [3, 0.5]},
								"east": {"uv": [116, 100], "uv_size": [3.5, 0.5]},
								"south": {"uv": [117, 79], "uv_size": [3, 0.5]},
								"west": {"uv": [116, 101], "uv_size": [3.5, 0.5]},
								"up": {"uv": [81, 88], "uv_size": [3, 3.5]},
								"down": {"uv": [88, 85.5], "uv_size": [3, -3.5]}
							}
						},
						{
							"origin": [-0.2583, 29.18007, -1.775],
							"size": [3.075, 0.2, 3.6],
							"inflate": 0.05,
							"uv": {
								"north": {"uv": [117, 80], "uv_size": [3, 0.5]},
								"east": {"uv": [102, 116], "uv_size": [3.5, 0.5]},
								"south": {"uv": [81, 117], "uv_size": [3, 0.5]},
								"west": {"uv": [116, 102], "uv_size": [3.5, 0.5]},
								"up": {"uv": [88, 86], "uv_size": [3, 3.5]},
								"down": {"uv": [0, 92.5], "uv_size": [3, -3.5]}
							}
						},
						{
							"origin": [-0.2583, 28.88007, -1.775],
							"size": [3.075, 0.15, 3.6],
							"inflate": 0.05,
							"uv": {
								"north": {"uv": [117, 83], "uv_size": [3, 0.5]},
								"east": {"uv": [110, 116], "uv_size": [3.5, 0.5]},
								"south": {"uv": [84, 117], "uv_size": [3, 0.5]},
								"west": {"uv": [116, 113], "uv_size": [3.5, 0.5]},
								"up": {"uv": [89, 4], "uv_size": [3, 3.5]},
								"down": {"uv": [89, 11.5], "uv_size": [3, -3.5]}
							}
						}
					]
				},
				{
					"name": "LeftForeArm",
					"parent": "LeftArm",
					"pivot": [2.44721, 23.18218, 0.025],
					"cubes": [
						{
							"origin": [-0.2583, 19.35507, -1.775],
							"size": [3.075, 4.8, 3.6],
							"inflate": 0.001,
							"uv": {
								"north": {"uv": [19, 30], "uv_size": [3, 5]},
								"east": {"uv": [65, 32], "uv_size": [3.5, 5]},
								"south": {"uv": [69, 36], "uv_size": [3, 5]},
								"west": {"uv": [65, 37], "uv_size": [3.5, 5]},
								"up": {"uv": [83, 28], "uv_size": [3, 3.5]},
								"down": {"uv": [85, 35.5], "uv_size": [3, -3.5]}
							}
						},
						{
							"origin": [-0.2583, 17.45507, -1.775],
							"size": [3.075, 2, 3.6],
							"uv": {
								"north": {"uv": [84, 100], "uv_size": [3, 2]},
								"east": {"uv": [96, 95], "uv_size": [3.5, 2]},
								"south": {"uv": [100, 86], "uv_size": [3, 2]},
								"west": {"uv": [97, 14], "uv_size": [3.5, 2]},
								"up": {"uv": [86, 28], "uv_size": [3, 3.5]},
								"down": {"uv": [87, 79.5], "uv_size": [3, -3.5]}
							}
						},
						{
							"origin": [-0.2583, 18.65507, -1.775],
							"size": [3.075, 0.2, 3.6],
							"inflate": 0.001,
							"uv": {
								"north": {"uv": [117, 77], "uv_size": [3, 0.5]},
								"east": {"uv": [116, 98], "uv_size": [3.5, 0.5]},
								"south": {"uv": [78, 117], "uv_size": [3, 0.5]},
								"west": {"uv": [116, 99], "uv_size": [3.5, 0.5]},
								"up": {"uv": [88, 32], "uv_size": [3, 3.5]},
								"down": {"uv": [64, 91.5], "uv_size": [3, -3.5]}
							}
						},
						{
							"origin": [-0.2583, 18.05507, -1.775],
							"size": [3.075, 0.2, 3.6],
							"inflate": 0.05,
							"uv": {
								"north": {"uv": [117, 81], "uv_size": [3, 0.5]},
								"east": {"uv": [116, 103], "uv_size": [3.5, 0.5]},
								"south": {"uv": [117, 82], "uv_size": [3, 0.5]},
								"west": {"uv": [106, 116], "uv_size": [3.5, 0.5]},
								"up": {"uv": [89, 0], "uv_size": [3, 3.5]},
								"down": {"uv": [3, 92.5], "uv_size": [3, -3.5]}
							}
						}
					]
				},
				{
					"name": "LeftHand",
					"parent": "LeftForeArm",
					"pivot": [2.45971, 17.55718, 0.05],
					"cubes": [
						{
							"origin": [-0.1833, 15.15507, -1.45],
							"size": [3, 3, 3],
							"uv": {
								"north": {"uv": [26, 93], "uv_size": [3, 3]},
								"east": {"uv": [29, 93], "uv_size": [3, 3]},
								"south": {"uv": [32, 93], "uv_size": [3, 3]},
								"west": {"uv": [55, 93], "uv_size": [3, 3]},
								"up": {"uv": [66, 93], "uv_size": [3, 3]},
								"down": {"uv": [94, 17], "uv_size": [3, -3]}
							}
						}
					]
				},
				{
					"name": "LeftHandLocator",
					"parent": "LeftHand",
					"pivot": [1.7, 16.5, 0]
				},
				{
					"name": "RightArm",
					"pivot": [-2.30817, 29.64719, 0.01875],
					"cubes": [
						{
							"origin": [-3.3827, 23.50378, -1.8],
							"size": [3.1, 7, 3.6],
							"uv": {
								"north": {"uv": [61, 14], "uv_size": [3, 7]},
								"east": {"uv": [52, 7], "uv_size": [3.5, 7]},
								"south": {"uv": [61, 21], "uv_size": [3, 7]},
								"west": {"uv": [53, 0], "uv_size": [3.5, 7]},
								"up": {"uv": [89, 12], "uv_size": [3, 3.5]},
								"down": {"uv": [89, 19.5], "uv_size": [3, -3.5]}
							}
						},
						{
							"origin": [-3.3577, 29.05378, -1.775],
							"size": [3.075, 0.1, 3.6],
							"inflate": 0.03,
							"uv": {
								"north": {"uv": [117, 88], "uv_size": [3, 0.5]},
								"east": {"uv": [117, 5], "uv_size": [3.5, 0.5]},
								"south": {"uv": [117, 89], "uv_size": [3, 0.5]},
								"west": {"uv": [117, 6], "uv_size": [3.5, 0.5]},
								"up": {"uv": [89, 59], "uv_size": [3, 3.5]},
								"down": {"uv": [89, 66.5], "uv_size": [3, -3.5]}
							}
						},
						{
							"origin": [-3.3577, 29.15378, -1.775],
							"size": [3.075, 0.2, 3.6],
							"inflate": 0.05,
							"uv": {
								"north": {"uv": [90, 117], "uv_size": [3, 0.5]},
								"east": {"uv": [117, 8], "uv_size": [3.5, 0.5]},
								"south": {"uv": [117, 91], "uv_size": [3, 0.5]},
								"west": {"uv": [117, 9], "uv_size": [3.5, 0.5]},
								"up": {"uv": [89, 67], "uv_size": [3, 3.5]},
								"down": {"uv": [89, 74.5], "uv_size": [3, -3.5]}
							}
						},
						{
							"origin": [-3.3577, 28.85378, -1.775],
							"size": [3.075, 0.15, 3.6],
							"inflate": 0.05,
							"uv": {
								"north": {"uv": [93, 117], "uv_size": [3, 0.5]},
								"east": {"uv": [117, 10], "uv_size": [3.5, 0.5]},
								"south": {"uv": [97, 117], "uv_size": [3, 0.5]},
								"west": {"uv": [117, 11], "uv_size": [3.5, 0.5]},
								"up": {"uv": [90, 75], "uv_size": [3, 3.5]},
								"down": {"uv": [88, 93.5], "uv_size": [3, -3.5]}
							}
						}
					]
				},
				{
					"name": "RightForeArm",
					"parent": "RightArm",
					"pivot": [-2.3952, 23.25378, 0.025],
					"cubes": [
						{
							"origin": [-3.3577, 17.42878, -1.775],
							"size": [3.075, 2, 3.6],
							"uv": {
								"north": {"uv": [87, 100], "uv_size": [3, 2]},
								"east": {"uv": [97, 16], "uv_size": [3.5, 2]},
								"south": {"uv": [100, 88], "uv_size": [3, 2]},
								"west": {"uv": [97, 18], "uv_size": [3.5, 2]},
								"up": {"uv": [89, 20], "uv_size": [3, 3.5]},
								"down": {"uv": [89, 31.5], "uv_size": [3, -3.5]}
							}
						},
						{
							"origin": [-3.3577, 18.62878, -1.775],
							"size": [3.075, 0.2, 3.6],
							"inflate": 0.001,
							"uv": {
								"north": {"uv": [117, 84], "uv_size": [3, 0.5]},
								"east": {"uv": [114, 116], "uv_size": [3.5, 0.5]},
								"south": {"uv": [117, 85], "uv_size": [3, 0.5]},
								"west": {"uv": [116, 114], "uv_size": [3.5, 0.5]},
								"up": {"uv": [29, 89], "uv_size": [3, 3.5]},
								"down": {"uv": [32, 92.5], "uv_size": [3, -3.5]}
							}
						},
						{
							"origin": [-3.3577, 19.32878, -1.775],
							"size": [3.075, 4.8, 3.6],
							"inflate": 0.001,
							"uv": {
								"north": {"uv": [69, 41], "uv_size": [3, 5]},
								"east": {"uv": [65, 42], "uv_size": [3.5, 5]},
								"south": {"uv": [69, 46], "uv_size": [3, 5]},
								"west": {"uv": [65, 47], "uv_size": [3.5, 5]},
								"up": {"uv": [89, 43], "uv_size": [3, 3.5]},
								"down": {"uv": [89, 50.5], "uv_size": [3, -3.5]}
							}
						},
						{
							"origin": [-3.3577, 18.02878, -1.775],
							"size": [3.075, 0.2, 3.6],
							"inflate": 0.05,
							"uv": {
								"north": {"uv": [117, 86], "uv_size": [3, 0.5]},
								"east": {"uv": [116, 115], "uv_size": [3.5, 0.5]},
								"south": {"uv": [87, 117], "uv_size": [3, 0.5]},
								"west": {"uv": [0, 117], "uv_size": [3.5, 0.5]},
								"up": {"uv": [89, 51], "uv_size": [3, 3.5]},
								"down": {"uv": [89, 58.5], "uv_size": [3, -3.5]}
							}
						}
					]
				},
				{
					"name": "RightHand",
					"parent": "RightForeArm",
					"pivot": [-2.4077, 17.62878, 0.05],
					"cubes": [
						{
							"origin": [-3.2827, 15.12878, -1.45],
							"size": [3, 3, 3],
							"uv": {
								"north": {"uv": [94, 17], "uv_size": [3, 3]},
								"east": {"uv": [94, 20], "uv_size": [3, 3]},
								"south": {"uv": [94, 25], "uv_size": [3, 3]},
								"west": {"uv": [94, 36], "uv_size": [3, 3]},
								"up": {"uv": [94, 39], "uv_size": [3, 3]},
								"down": {"uv": [94, 45], "uv_size": [3, -3]}
							}
						}
					]
				},
				{
					"name": "RightHandLocator",
					"parent": "RightHand",
					"pivot": [-2.3, 16.5, 0]
				}
			]
		}
	]
}