{
	"format_version": "1.12.0",
	"minecraft:geometry": [
		{
			"description": {
				"identifier": "geometry.Neuro - Converted",
				"texture_width": 256,
				"texture_height": 256,
				"visible_bounds_width": 9,
				"visible_bounds_height": 7,
				"visible_bounds_offset": [0, 2.5, 0]
			},
			"bones": [
				{
					"name": "MOFAZHANG",
					"pivot": [0, 17, 0]
				},
				{
					"name": "mozhang",
					"parent": "MOFAZHANG",
					"pivot": [0, 17, 0],
					"cubes": [
						{
							"origin": [-0.5, 9, -0.9],
							"size": [1, 33, 0.8],
							"uv": {
								"north": {"uv": [0, 0], "uv_size": [1, 33]},
								"east": {"uv": [1, 0], "uv_size": [1, 33]},
								"south": {"uv": [2, 0], "uv_size": [1, 33]},
								"west": {"uv": [3, 0], "uv_size": [1, 33]},
								"up": {"uv": [12, 16], "uv_size": [1, 1]},
								"down": {"uv": [16, 13], "uv_size": [1, -1]}
							}
						}
					]
				},
				{
					"name": "wei",
					"parent": "mozhang",
					"pivot": [0, 17, 0],
					"cubes": [
						{
							"origin": [0.8, 10.5, -1],
							"size": [0.5, 0.5, 1],
							"uv": {
								"north": {"uv": [25, 15], "uv_size": [0.5, 1]},
								"east": {"uv": [9, 22], "uv_size": [1, 1]},
								"south": {"uv": [16, 25], "uv_size": [0.5, 1]},
								"west": {"uv": [22, 9], "uv_size": [1, 1]},
								"up": {"uv": [25, 16], "uv_size": [0.5, 1]},
								"down": {"uv": [17, 26], "uv_size": [0.5, -1]}
							}
						},
						{
							"origin": [0.8, 9.5, -1],
							"size": [1.2, 1, 1],
							"uv": {
								"north": {"uv": [13, 22], "uv_size": [1, 1]},
								"east": {"uv": [22, 13], "uv_size": [1, 1]},
								"south": {"uv": [14, 22], "uv_size": [1, 1]},
								"west": {"uv": [15, 22], "uv_size": [1, 1]},
								"up": {"uv": [16, 22], "uv_size": [1, 1]},
								"down": {"uv": [22, 18], "uv_size": [1, -1]}
							}
						},
						{
							"origin": [-3, 9.5, 0],
							"size": [1.2, 1, 1],
							"pivot": [0, 10, 0.5],
							"rotation": [0, -90, 0],
							"uv": {
								"north": {"uv": [23, 17], "uv_size": [1, 1]},
								"east": {"uv": [18, 23], "uv_size": [1, 1]},
								"south": {"uv": [23, 18], "uv_size": [1, 1]},
								"west": {"uv": [19, 23], "uv_size": [1, 1]},
								"up": {"uv": [23, 19], "uv_size": [1, 1]},
								"down": {"uv": [20, 24], "uv_size": [1, -1]}
							}
						},
						{
							"origin": [-0.4, 10.5, -1.9],
							"size": [0.5, 0.5, 1],
							"pivot": [0, 10, -1.4],
							"rotation": [0, -90, 0],
							"uv": {
								"north": {"uv": [25, 21], "uv_size": [0.5, 1]},
								"east": {"uv": [23, 16], "uv_size": [1, 1]},
								"south": {"uv": [22, 25], "uv_size": [0.5, 1]},
								"west": {"uv": [17, 23], "uv_size": [1, 1]},
								"up": {"uv": [25, 22], "uv_size": [0.5, 1]},
								"down": {"uv": [23, 26], "uv_size": [0.5, -1]}
							}
						},
						{
							"origin": [1.4, 10.5, -1.6],
							"size": [0.5, 0.5, 1],
							"pivot": [0, 10, -1.1],
							"rotation": [0, -90, 0],
							"uv": {
								"north": {"uv": [25, 19], "uv_size": [0.5, 1]},
								"east": {"uv": [23, 15], "uv_size": [1, 1]},
								"south": {"uv": [20, 25], "uv_size": [0.5, 1]},
								"west": {"uv": [16, 23], "uv_size": [1, 1]},
								"up": {"uv": [25, 20], "uv_size": [0.5, 1]},
								"down": {"uv": [21, 26], "uv_size": [0.5, -1]}
							}
						},
						{
							"origin": [-0.9, 9, -1.5],
							"size": [1, 0.5, 1],
							"pivot": [0, 11, -1],
							"rotation": [0, -90, 0],
							"uv": {
								"north": {"uv": [23, 12], "uv_size": [1, 1]},
								"east": {"uv": [13, 23], "uv_size": [1, 1]},
								"south": {"uv": [23, 13], "uv_size": [1, 1]},
								"west": {"uv": [14, 23], "uv_size": [1, 1]},
								"up": {"uv": [23, 14], "uv_size": [1, 1]},
								"down": {"uv": [15, 24], "uv_size": [1, -1]}
							}
						},
						{
							"origin": [0.9, 9, -1.5],
							"size": [1, 0.5, 1],
							"pivot": [0, 11, -1],
							"rotation": [0, -90, 0],
							"uv": {
								"north": {"uv": [23, 9], "uv_size": [1, 1]},
								"east": {"uv": [10, 23], "uv_size": [1, 1]},
								"south": {"uv": [23, 10], "uv_size": [1, 1]},
								"west": {"uv": [11, 23], "uv_size": [1, 1]},
								"up": {"uv": [23, 11], "uv_size": [1, 1]},
								"down": {"uv": [12, 24], "uv_size": [1, -1]}
							}
						},
						{
							"origin": [2.8, 9.5, -3],
							"size": [1.2, 1, 1],
							"pivot": [0, 10, -2.5],
							"rotation": [0, -90, 0],
							"uv": {
								"north": {"uv": [23, 6], "uv_size": [1, 1]},
								"east": {"uv": [7, 23], "uv_size": [1, 1]},
								"south": {"uv": [23, 7], "uv_size": [1, 1]},
								"west": {"uv": [8, 23], "uv_size": [1, 1]},
								"up": {"uv": [23, 8], "uv_size": [1, 1]},
								"down": {"uv": [9, 24], "uv_size": [1, -1]}
							}
						},
						{
							"origin": [0.3, 9, -1],
							"size": [1, 0.5, 1],
							"uv": {
								"north": {"uv": [20, 22], "uv_size": [1, 1]},
								"east": {"uv": [22, 20], "uv_size": [1, 1]},
								"south": {"uv": [21, 22], "uv_size": [1, 1]},
								"west": {"uv": [22, 21], "uv_size": [1, 1]},
								"up": {"uv": [22, 22], "uv_size": [1, 1]},
								"down": {"uv": [23, 1], "uv_size": [1, -1]}
							}
						},
						{
							"origin": [-0.5, 8, -1],
							"size": [1, 1.5, 1],
							"uv": {
								"north": {"uv": [15, 10], "uv_size": [1, 1.5]},
								"east": {"uv": [15, 12], "uv_size": [1, 1.5]},
								"south": {"uv": [15, 14], "uv_size": [1, 1.5]},
								"west": {"uv": [16, 0], "uv_size": [1, 1.5]},
								"up": {"uv": [23, 20], "uv_size": [1, 1]},
								"down": {"uv": [21, 24], "uv_size": [1, -1]}
							}
						},
						{
							"origin": [-1.3, 9, -1],
							"size": [1, 0.5, 1],
							"uv": {
								"north": {"uv": [10, 22], "uv_size": [1, 1]},
								"east": {"uv": [22, 10], "uv_size": [1, 1]},
								"south": {"uv": [11, 22], "uv_size": [1, 1]},
								"west": {"uv": [22, 11], "uv_size": [1, 1]},
								"up": {"uv": [12, 22], "uv_size": [1, 1]},
								"down": {"uv": [22, 13], "uv_size": [1, -1]}
							}
						},
						{
							"origin": [-1.3, 10.5, -1],
							"size": [0.5, 0.5, 1],
							"uv": {
								"north": {"uv": [25, 17], "uv_size": [0.5, 1]},
								"east": {"uv": [22, 18], "uv_size": [1, 1]},
								"south": {"uv": [18, 25], "uv_size": [0.5, 1]},
								"west": {"uv": [22, 19], "uv_size": [1, 1]},
								"up": {"uv": [25, 18], "uv_size": [0.5, 1]},
								"down": {"uv": [19, 26], "uv_size": [0.5, -1]}
							}
						},
						{
							"origin": [-2, 9.5, -1],
							"size": [1.2, 1, 1],
							"uv": {
								"north": {"uv": [23, 1], "uv_size": [1, 1]},
								"east": {"uv": [23, 2], "uv_size": [1, 1]},
								"south": {"uv": [23, 3], "uv_size": [1, 1]},
								"west": {"uv": [23, 4], "uv_size": [1, 1]},
								"up": {"uv": [23, 5], "uv_size": [1, 1]},
								"down": {"uv": [6, 24], "uv_size": [1, -1]}
							}
						}
					]
				},
				{
					"name": "tou",
					"parent": "mozhang",
					"pivot": [0, 17, 0]
				},
				{
					"name": "xin",
					"parent": "tou",
					"pivot": [0, 17, 0],
					"cubes": [
						{
							"origin": [-2, 47, -0.8],
							"size": [1, 1, 0.6],
							"uv": {
								"north": {"uv": [13, 16], "uv_size": [1, 1]},
								"east": {"uv": [16, 13], "uv_size": [1, 1]},
								"south": {"uv": [14, 16], "uv_size": [1, 1]},
								"west": {"uv": [16, 14], "uv_size": [1, 1]},
								"up": {"uv": [15, 16], "uv_size": [1, 1]},
								"down": {"uv": [16, 16], "uv_size": [1, -1]}
							}
						},
						{
							"origin": [-1.5, 46.5, -1],
							"size": [1, 1, 1],
							"uv": {
								"north": {"uv": [21, 7], "uv_size": [1, 1]},
								"east": {"uv": [8, 21], "uv_size": [1, 1]},
								"south": {"uv": [21, 8], "uv_size": [1, 1]},
								"west": {"uv": [9, 21], "uv_size": [1, 1]},
								"up": {"uv": [21, 9], "uv_size": [1, 1]},
								"down": {"uv": [10, 22], "uv_size": [1, -1]}
							}
						},
						{
							"origin": [-1.7, 46.1, -0.9],
							"size": [0.5, 1, 0.8],
							"uv": {
								"north": {"uv": [17, 5], "uv_size": [1, 1]},
								"east": {"uv": [6, 17], "uv_size": [1, 1]},
								"south": {"uv": [17, 6], "uv_size": [1, 1]},
								"west": {"uv": [7, 17], "uv_size": [1, 1]},
								"up": {"uv": [17, 7], "uv_size": [1, 1]},
								"down": {"uv": [17, 9], "uv_size": [1, -1]}
							}
						},
						{
							"origin": [-2.15, 45, -0.9],
							"size": [0.35, 1, 0.8],
							"uv": {
								"north": {"uv": [1, 0], "uv_size": [0.35, 1]},
								"east": {"uv": [1, 0], "uv_size": [0.8, 1]},
								"south": {"uv": [1, 0], "uv_size": [0.35, 1]},
								"west": {"uv": [1, 0], "uv_size": [0.8, 1]},
								"up": {"uv": [1.35, 0.8], "uv_size": [-0.35, -0.8]},
								"down": {"uv": [1.35, 0.8], "uv_size": [-0.35, -0.8]}
							}
						},
						{
							"origin": [-0.5, 46.4, -1],
							"size": [0.5, 0.6, 1],
							"uv": {
								"north": {"uv": [24, 15], "uv_size": [1, 0.5]},
								"east": {"uv": [16, 24], "uv_size": [1, 0.5]},
								"south": {"uv": [24, 16], "uv_size": [1, 0.5]},
								"west": {"uv": [17, 24], "uv_size": [1, 0.5]},
								"up": {"uv": [19, 9], "uv_size": [1, 1]},
								"down": {"uv": [10, 20], "uv_size": [1, -1]}
							}
						},
						{
							"origin": [-0.25, 46, -1],
							"size": [0.5, 0.4, 1],
							"uv": {
								"north": {"uv": [26, 0], "uv_size": [0.5, 0.5]},
								"east": {"uv": [24, 17], "uv_size": [1, 0.5]},
								"south": {"uv": [26, 1], "uv_size": [0.5, 0.5]},
								"west": {"uv": [18, 24], "uv_size": [1, 0.5]},
								"up": {"uv": [24, 18], "uv_size": [0.5, 1]},
								"down": {"uv": [19, 25], "uv_size": [0.5, -1]}
							}
						},
						{
							"origin": [-2.8, 47, -1],
							"size": [1, 1, 1],
							"uv": {
								"north": {"uv": [19, 10], "uv_size": [1, 1]},
								"east": {"uv": [11, 19], "uv_size": [1, 1]},
								"south": {"uv": [19, 11], "uv_size": [1, 1]},
								"west": {"uv": [12, 19], "uv_size": [1, 1]},
								"up": {"uv": [19, 12], "uv_size": [1, 1]},
								"down": {"uv": [13, 20], "uv_size": [1, -1]}
							}
						},
						{
							"origin": [-3.2, 45.6, -1.1],
							"size": [1.5, 1.75, 1.2],
							"uv": {
								"north": {"uv": [4, 4], "uv_size": [1.5, 2]},
								"east": {"uv": [7, 11], "uv_size": [1, 2]},
								"south": {"uv": [6, 0], "uv_size": [1.5, 2]},
								"west": {"uv": [11, 8], "uv_size": [1, 2]},
								"up": {"uv": [13, 10], "uv_size": [1.5, 1]},
								"down": {"uv": [13, 12], "uv_size": [1.5, -1]}
							}
						},
						{
							"origin": [-3.1, 45, -1],
							"size": [1.2, 1, 1],
							"uv": {
								"north": {"uv": [17, 14], "uv_size": [1, 1]},
								"east": {"uv": [15, 17], "uv_size": [1, 1]},
								"south": {"uv": [17, 15], "uv_size": [1, 1]},
								"west": {"uv": [16, 17], "uv_size": [1, 1]},
								"up": {"uv": [17, 16], "uv_size": [1, 1]},
								"down": {"uv": [17, 18], "uv_size": [1, -1]}
							}
						},
						{
							"origin": [-2.4, 43.9, -1.1],
							"size": [1, 0.6, 1.4],
							"uv": {
								"north": {"uv": [24, 7], "uv_size": [1, 0.5]},
								"east": {"uv": [8, 24], "uv_size": [1, 0.5]},
								"south": {"uv": [24, 8], "uv_size": [1, 0.5]},
								"west": {"uv": [9, 24], "uv_size": [1, 0.5]},
								"up": {"uv": [6, 18], "uv_size": [1, 1]},
								"down": {"uv": [18, 7], "uv_size": [1, -1]}
							}
						},
						{
							"origin": [-2, 42.7, -1.1],
							"size": [1, 1.3, 1.2],
							"uv": {
								"north": {"uv": [13, 12], "uv_size": [1, 1.5]},
								"east": {"uv": [14, 0], "uv_size": [1, 1.5]},
								"south": {"uv": [14, 2], "uv_size": [1, 1.5]},
								"west": {"uv": [4, 14], "uv_size": [1, 1.5]},
								"up": {"uv": [7, 18], "uv_size": [1, 1]},
								"down": {"uv": [18, 8], "uv_size": [1, -1]}
							}
						},
						{
							"origin": [-2.5, 43.3, -1],
							"size": [1, 1.2, 1],
							"uv": {
								"north": {"uv": [18, 8], "uv_size": [1, 1]},
								"east": {"uv": [18, 9], "uv_size": [1, 1]},
								"south": {"uv": [18, 10], "uv_size": [1, 1]},
								"west": {"uv": [18, 11], "uv_size": [1, 1]},
								"up": {"uv": [12, 18], "uv_size": [1, 1]},
								"down": {"uv": [18, 13], "uv_size": [1, -1]}
							}
						},
						{
							"origin": [-3.7, 46, -1],
							"size": [1, 1, 1],
							"uv": {
								"north": {"uv": [20, 0], "uv_size": [1, 1]},
								"east": {"uv": [20, 1], "uv_size": [1, 1]},
								"south": {"uv": [20, 2], "uv_size": [1, 1]},
								"west": {"uv": [20, 3], "uv_size": [1, 1]},
								"up": {"uv": [4, 20], "uv_size": [1, 1]},
								"down": {"uv": [20, 5], "uv_size": [1, -1]}
							}
						},
						{
							"origin": [-1.4, 42.1, -0.9],
							"size": [0.8, 1, 0.8],
							"uv": {
								"north": {"uv": [16, 18], "uv_size": [1, 1]},
								"east": {"uv": [18, 16], "uv_size": [1, 1]},
								"south": {"uv": [17, 18], "uv_size": [1, 1]},
								"west": {"uv": [18, 17], "uv_size": [1, 1]},
								"up": {"uv": [18, 18], "uv_size": [1, 1]},
								"down": {"uv": [19, 1], "uv_size": [1, -1]}
							}
						},
						{
							"origin": [-0.8, 41.5, -1],
							"size": [0.8, 1.5, 1],
							"uv": {
								"north": {"uv": [9, 14], "uv_size": [1, 1.5]},
								"east": {"uv": [10, 14], "uv_size": [1, 1.5]},
								"south": {"uv": [11, 14], "uv_size": [1, 1.5]},
								"west": {"uv": [12, 14], "uv_size": [1, 1.5]},
								"up": {"uv": [19, 3], "uv_size": [1, 1]},
								"down": {"uv": [4, 20], "uv_size": [1, -1]}
							}
						},
						{
							"origin": [-1, 43, -1],
							"size": [0.6, 0.5, 1],
							"uv": {
								"north": {"uv": [25, 24], "uv_size": [0.5, 0.5]},
								"east": {"uv": [24, 11], "uv_size": [1, 0.5]},
								"south": {"uv": [25, 25], "uv_size": [0.5, 0.5]},
								"west": {"uv": [12, 24], "uv_size": [1, 0.5]},
								"up": {"uv": [24, 12], "uv_size": [0.5, 1]},
								"down": {"uv": [13, 25], "uv_size": [0.5, -1]}
							}
						},
						{
							"origin": [1.2, 46.1, -0.9],
							"size": [0.5, 1, 0.8],
							"uv": {
								"north": {"uv": [16, 16], "uv_size": [1, 1]},
								"east": {"uv": [17, 0], "uv_size": [1, 1]},
								"south": {"uv": [17, 1], "uv_size": [1, 1]},
								"west": {"uv": [17, 2], "uv_size": [1, 1]},
								"up": {"uv": [17, 3], "uv_size": [1, 1]},
								"down": {"uv": [17, 5], "uv_size": [1, -1]}
							}
						},
						{
							"origin": [0, 46.4, -1],
							"size": [0.5, 0.6, 1],
							"uv": {
								"north": {"uv": [24, 5], "uv_size": [1, 0.5]},
								"east": {"uv": [6, 24], "uv_size": [1, 0.5]},
								"south": {"uv": [24, 6], "uv_size": [1, 0.5]},
								"west": {"uv": [7, 24], "uv_size": [1, 0.5]},
								"up": {"uv": [17, 9], "uv_size": [1, 1]},
								"down": {"uv": [17, 11], "uv_size": [1, -1]}
							}
						},
						{
							"origin": [1.7, 45.6, -1.1],
							"size": [1.5, 1.75, 1.2],
							"uv": {
								"north": {"uv": [4, 0], "uv_size": [1.5, 2]},
								"east": {"uv": [6, 11], "uv_size": [1, 2]},
								"south": {"uv": [4, 2], "uv_size": [1.5, 2]},
								"west": {"uv": [11, 6], "uv_size": [1, 2]},
								"up": {"uv": [13, 8], "uv_size": [1.5, 1]},
								"down": {"uv": [13, 10], "uv_size": [1.5, -1]}
							}
						},
						{
							"origin": [1.9, 45, -1],
							"size": [1.2, 1, 1],
							"uv": {
								"north": {"uv": [17, 11], "uv_size": [1, 1]},
								"east": {"uv": [12, 17], "uv_size": [1, 1]},
								"south": {"uv": [17, 12], "uv_size": [1, 1]},
								"west": {"uv": [13, 17], "uv_size": [1, 1]},
								"up": {"uv": [17, 13], "uv_size": [1, 1]},
								"down": {"uv": [14, 18], "uv_size": [1, -1]}
							}
						},
						{
							"origin": [1.8, 47, -1],
							"size": [1, 1, 1],
							"uv": {
								"north": {"uv": [19, 16], "uv_size": [1, 1]},
								"east": {"uv": [17, 19], "uv_size": [1, 1]},
								"south": {"uv": [19, 17], "uv_size": [1, 1]},
								"west": {"uv": [18, 19], "uv_size": [1, 1]},
								"up": {"uv": [19, 18], "uv_size": [1, 1]},
								"down": {"uv": [19, 20], "uv_size": [1, -1]}
							}
						},
						{
							"origin": [1.9, 43.8, -1],
							"size": [1, 1.2, 1],
							"uv": {
								"north": {"uv": [18, 0], "uv_size": [1, 1]},
								"east": {"uv": [18, 1], "uv_size": [1, 1]},
								"south": {"uv": [18, 2], "uv_size": [1, 1]},
								"west": {"uv": [18, 3], "uv_size": [1, 1]},
								"up": {"uv": [18, 4], "uv_size": [1, 1]},
								"down": {"uv": [18, 6], "uv_size": [1, -1]}
							}
						},
						{
							"origin": [2.4, 44.4, -1.1],
							"size": [1, 1.2, 1.2],
							"uv": {
								"north": {"uv": [5, 20], "uv_size": [1, 1]},
								"east": {"uv": [20, 5], "uv_size": [1, 1]},
								"south": {"uv": [6, 20], "uv_size": [1, 1]},
								"west": {"uv": [20, 6], "uv_size": [1, 1]},
								"up": {"uv": [7, 20], "uv_size": [1, 1]},
								"down": {"uv": [20, 8], "uv_size": [1, -1]}
							}
						},
						{
							"origin": [1.5, 43.3, -1.2],
							"size": [1, 1.2, 1.4],
							"uv": {
								"north": {"uv": [11, 20], "uv_size": [1, 1]},
								"east": {"uv": [20, 11], "uv_size": [1, 1]},
								"south": {"uv": [12, 20], "uv_size": [1, 1]},
								"west": {"uv": [20, 12], "uv_size": [1, 1]},
								"up": {"uv": [13, 20], "uv_size": [1, 1]},
								"down": {"uv": [20, 14], "uv_size": [1, -1]}
							}
						},
						{
							"origin": [0.4, 43, -1],
							"size": [0.6, 0.5, 1],
							"uv": {
								"north": {"uv": [25, 23], "uv_size": [0.5, 0.5]},
								"east": {"uv": [24, 9], "uv_size": [1, 0.5]},
								"south": {"uv": [24, 25], "uv_size": [0.5, 0.5]},
								"west": {"uv": [10, 24], "uv_size": [1, 0.5]},
								"up": {"uv": [24, 10], "uv_size": [0.5, 1]},
								"down": {"uv": [11, 25], "uv_size": [0.5, -1]}
							}
						},
						{
							"origin": [2.7, 46, -1],
							"size": [1, 1, 1],
							"uv": {
								"north": {"uv": [19, 13], "uv_size": [1, 1]},
								"east": {"uv": [14, 19], "uv_size": [1, 1]},
								"south": {"uv": [19, 14], "uv_size": [1, 1]},
								"west": {"uv": [15, 19], "uv_size": [1, 1]},
								"up": {"uv": [19, 15], "uv_size": [1, 1]},
								"down": {"uv": [16, 20], "uv_size": [1, -1]}
							}
						},
						{
							"origin": [3, 45, -1],
							"size": [1, 1, 1],
							"uv": {
								"north": {"uv": [13, 18], "uv_size": [1, 1]},
								"east": {"uv": [18, 13], "uv_size": [1, 1]},
								"south": {"uv": [14, 18], "uv_size": [1, 1]},
								"west": {"uv": [18, 14], "uv_size": [1, 1]},
								"up": {"uv": [15, 18], "uv_size": [1, 1]},
								"down": {"uv": [18, 16], "uv_size": [1, -1]}
							}
						},
						{
							"origin": [0.6, 42.1, -0.9],
							"size": [0.8, 1, 0.8],
							"uv": {
								"north": {"uv": [17, 20], "uv_size": [1, 1]},
								"east": {"uv": [20, 17], "uv_size": [1, 1]},
								"south": {"uv": [18, 20], "uv_size": [1, 1]},
								"west": {"uv": [20, 18], "uv_size": [1, 1]},
								"up": {"uv": [19, 20], "uv_size": [1, 1]},
								"down": {"uv": [20, 20], "uv_size": [1, -1]}
							}
						},
						{
							"origin": [-0.4, 41, -1],
							"size": [0.8, 1, 1],
							"uv": {
								"north": {"uv": [21, 4], "uv_size": [1, 1]},
								"east": {"uv": [5, 21], "uv_size": [1, 1]},
								"south": {"uv": [21, 5], "uv_size": [1, 1]},
								"west": {"uv": [6, 21], "uv_size": [1, 1]},
								"up": {"uv": [21, 6], "uv_size": [1, 1]},
								"down": {"uv": [7, 22], "uv_size": [1, -1]}
							}
						},
						{
							"origin": [0, 41.5, -1],
							"size": [0.8, 1.5, 1],
							"uv": {
								"north": {"uv": [14, 4], "uv_size": [1, 1.5]},
								"east": {"uv": [5, 14], "uv_size": [1, 1.5]},
								"south": {"uv": [14, 6], "uv_size": [1, 1.5]},
								"west": {"uv": [8, 14], "uv_size": [1, 1.5]},
								"up": {"uv": [19, 1], "uv_size": [1, 1]},
								"down": {"uv": [19, 3], "uv_size": [1, -1]}
							}
						},
						{
							"origin": [1.8, 45, -0.9],
							"size": [0.35, 1, 0.8],
							"uv": {
								"north": {"uv": [2, 0], "uv_size": [0.35, 1]},
								"east": {"uv": [2, 0], "uv_size": [0.8, 1]},
								"south": {"uv": [2, 0], "uv_size": [0.35, 1]},
								"west": {"uv": [2, 0], "uv_size": [0.8, 1]},
								"up": {"uv": [2.35, 0.8], "uv_size": [-0.35, -0.8]},
								"down": {"uv": [2.35, 0.8], "uv_size": [-0.35, -0.8]}
							}
						},
						{
							"origin": [1, 42.7, -1],
							"size": [1, 1.3, 1],
							"uv": {
								"north": {"uv": [14, 12], "uv_size": [1, 1.5]},
								"east": {"uv": [13, 14], "uv_size": [1, 1.5]},
								"south": {"uv": [14, 14], "uv_size": [1, 1.5]},
								"west": {"uv": [15, 0], "uv_size": [1, 1.5]},
								"up": {"uv": [19, 4], "uv_size": [1, 1]},
								"down": {"uv": [5, 20], "uv_size": [1, -1]}
							}
						},
						{
							"origin": [1.5, 43.9, -1],
							"size": [1, 0.6, 1],
							"uv": {
								"north": {"uv": [24, 13], "uv_size": [1, 0.5]},
								"east": {"uv": [14, 24], "uv_size": [1, 0.5]},
								"south": {"uv": [24, 14], "uv_size": [1, 0.5]},
								"west": {"uv": [15, 24], "uv_size": [1, 0.5]},
								"up": {"uv": [19, 5], "uv_size": [1, 1]},
								"down": {"uv": [6, 20], "uv_size": [1, -1]}
							}
						},
						{
							"origin": [0.5, 46.5, -1],
							"size": [1, 1, 1],
							"uv": {
								"north": {"uv": [19, 6], "uv_size": [1, 1]},
								"east": {"uv": [7, 19], "uv_size": [1, 1]},
								"south": {"uv": [19, 7], "uv_size": [1, 1]},
								"west": {"uv": [8, 19], "uv_size": [1, 1]},
								"up": {"uv": [19, 8], "uv_size": [1, 1]},
								"down": {"uv": [9, 20], "uv_size": [1, -1]}
							}
						},
						{
							"origin": [-2.9, 43.8, -1],
							"size": [1, 1.2, 1],
							"uv": {
								"north": {"uv": [8, 20], "uv_size": [1, 1]},
								"east": {"uv": [20, 8], "uv_size": [1, 1]},
								"south": {"uv": [9, 20], "uv_size": [1, 1]},
								"west": {"uv": [20, 9], "uv_size": [1, 1]},
								"up": {"uv": [10, 20], "uv_size": [1, 1]},
								"down": {"uv": [20, 11], "uv_size": [1, -1]}
							}
						},
						{
							"origin": [-3.4, 44.4, -1.1],
							"size": [1, 1.2, 1.2],
							"uv": {
								"north": {"uv": [14, 20], "uv_size": [1, 1]},
								"east": {"uv": [20, 14], "uv_size": [1, 1]},
								"south": {"uv": [15, 20], "uv_size": [1, 1]},
								"west": {"uv": [20, 15], "uv_size": [1, 1]},
								"up": {"uv": [16, 20], "uv_size": [1, 1]},
								"down": {"uv": [20, 17], "uv_size": [1, -1]}
							}
						},
						{
							"origin": [-4, 45, -1],
							"size": [1, 1, 1],
							"uv": {
								"north": {"uv": [20, 20], "uv_size": [1, 1]},
								"east": {"uv": [21, 0], "uv_size": [1, 1]},
								"south": {"uv": [21, 1], "uv_size": [1, 1]},
								"west": {"uv": [21, 2], "uv_size": [1, 1]},
								"up": {"uv": [21, 3], "uv_size": [1, 1]},
								"down": {"uv": [4, 22], "uv_size": [1, -1]}
							}
						},
						{
							"origin": [1, 47, -0.8],
							"size": [1, 1, 0.6],
							"uv": {
								"north": {"uv": [21, 10], "uv_size": [1, 1]},
								"east": {"uv": [11, 21], "uv_size": [1, 1]},
								"south": {"uv": [21, 11], "uv_size": [1, 1]},
								"west": {"uv": [12, 21], "uv_size": [1, 1]},
								"up": {"uv": [21, 12], "uv_size": [1, 1]},
								"down": {"uv": [13, 22], "uv_size": [1, -1]}
							}
						}
					]
				},
				{
					"name": "bow3",
					"parent": "tou",
					"pivot": [0, 40.00699, -0.0345],
					"rotation": [0, 180, 0],
					"cubes": [
						{
							"origin": [-0.5625, 39.44449, -0.4095],
							"size": [1.125, 1.125, 0.75],
							"uv": {
								"north": {"uv": [21, 13], "uv_size": [1, 1]},
								"east": {"uv": [24, 19], "uv_size": [0.5, 1]},
								"south": {"uv": [14, 21], "uv_size": [1, 1]},
								"west": {"uv": [20, 24], "uv_size": [0.5, 1]},
								"up": {"uv": [24, 20], "uv_size": [1, 0.5]},
								"down": {"uv": [21, 24.5], "uv_size": [1, -0.5]}
							}
						}
					]
				},
				{
					"name": "bowR2",
					"parent": "bow3",
					"pivot": [-1.32597, 39.65346, 0.46257],
					"cubes": [
						{
							"origin": [-2.08896, 38.95895, -0.3984],
							"size": [1.725, 0.9, 0.75],
							"pivot": [-1.22646, 39.40895, 0.47664],
							"rotation": [2.11751, -4.53051, -35.58377],
							"uv": {
								"north": {"uv": [15, 2], "uv_size": [1.5, 1]},
								"east": {"uv": [22, 24], "uv_size": [0.5, 1]},
								"south": {"uv": [15, 3], "uv_size": [1.5, 1]},
								"west": {"uv": [23, 24], "uv_size": [0.5, 1]},
								"up": {"uv": [23, 21], "uv_size": [1.5, 0.5]},
								"down": {"uv": [22, 23.5], "uv_size": [1.5, -0.5]}
							}
						},
						{
							"origin": [-2.32548, 39.33547, -0.4265],
							"size": [1.8, 1.125, 0.75],
							"pivot": [-1.42548, 39.89797, 0.44849],
							"rotation": [0, -5, -10.5],
							"uv": {
								"north": {"uv": [11, 10], "uv_size": [2, 1]},
								"east": {"uv": [24, 23], "uv_size": [0.5, 1]},
								"south": {"uv": [11, 11], "uv_size": [2, 1]},
								"west": {"uv": [24, 24], "uv_size": [0.5, 1]},
								"up": {"uv": [21, 14], "uv_size": [2, 0.5]},
								"down": {"uv": [15, 21.5], "uv_size": [2, -0.5]}
							}
						}
					]
				},
				{
					"name": "bowL2",
					"parent": "bow3",
					"pivot": [1.32597, 39.65346, 0.46257],
					"cubes": [
						{
							"origin": [0.52548, 39.33547, -0.4265],
							"size": [1.8, 1.125, 0.75],
							"pivot": [1.42548, 39.89797, 0.44849],
							"rotation": [0, 5, 10.5],
							"uv": {
								"north": {"uv": [12, 0], "uv_size": [2, 1]},
								"east": {"uv": [25, 1], "uv_size": [0.5, 1]},
								"south": {"uv": [12, 1], "uv_size": [2, 1]},
								"west": {"uv": [25, 2], "uv_size": [0.5, 1]},
								"up": {"uv": [21, 15], "uv_size": [2, 0.5]},
								"down": {"uv": [21, 16.5], "uv_size": [2, -0.5]}
							}
						},
						{
							"origin": [0.36396, 38.95895, -0.3984],
							"size": [1.725, 0.9, 0.75],
							"pivot": [1.22646, 39.40895, 0.47664],
							"rotation": [2.11751, 4.53051, 35.58377],
							"uv": {
								"north": {"uv": [15, 4], "uv_size": [1.5, 1]},
								"east": {"uv": [25, 3], "uv_size": [0.5, 1]},
								"south": {"uv": [15, 5], "uv_size": [1.5, 1]},
								"west": {"uv": [25, 4], "uv_size": [0.5, 1]},
								"up": {"uv": [23, 22], "uv_size": [1.5, 0.5]},
								"down": {"uv": [24, 0.5], "uv_size": [1.5, -0.5]}
							}
						}
					]
				},
				{
					"name": "bowL8",
					"parent": "bow3",
					"pivot": [0.48913, 38.75453, 0.27725],
					"rotation": [0, 0, -22.5],
					"cubes": [
						{
							"origin": [0.06043, 37.79765, -0.6108],
							"size": [0.75, 1.875, 0.75],
							"pivot": [0.43543, 38.73515, 0.26425],
							"rotation": [-21.88223, -4.08471, -5.25655],
							"uv": {
								"north": {"uv": [12, 2], "uv_size": [1, 2]},
								"east": {"uv": [17, 21], "uv_size": [0.5, 2]},
								"south": {"uv": [4, 12], "uv_size": [1, 2]},
								"west": {"uv": [21, 17], "uv_size": [0.5, 2]},
								"up": {"uv": [25, 5], "uv_size": [1, 0.5]},
								"down": {"uv": [6, 25.5], "uv_size": [1, -0.5]}
							}
						},
						{
							"origin": [0.16784, 37.8364, -0.5847],
							"size": [0.75, 1.875, 0.75],
							"pivot": [0.54284, 38.7739, 0.29025],
							"rotation": [-21.09913, -7.20371, -13.20321],
							"uv": {
								"north": {"uv": [12, 4], "uv_size": [1, 2]},
								"east": {"uv": [18, 21], "uv_size": [0.5, 2]},
								"south": {"uv": [5, 12], "uv_size": [1, 2]},
								"west": {"uv": [19, 21], "uv_size": [0.5, 2]},
								"up": {"uv": [25, 6], "uv_size": [1, 0.5]},
								"down": {"uv": [7, 25.5], "uv_size": [1, -0.5]}
							}
						}
					]
				},
				{
					"name": "bowL9",
					"parent": "bowL8",
					"pivot": [0.86914, 36.87806, -0.47442],
					"cubes": [
						{
							"origin": [0.29029, 35.70931, -1.3775],
							"size": [0.75, 2.25, 0.75],
							"pivot": [0.66529, 36.83431, -0.50249],
							"rotation": [-21.88223, -4.08471, -5.25655],
							"uv": {
								"north": {"uv": [6, 2], "uv_size": [1, 2.5]},
								"east": {"uv": [4, 6], "uv_size": [1, 2.5]},
								"south": {"uv": [5, 6], "uv_size": [1, 2.5]},
								"west": {"uv": [6, 5], "uv_size": [1, 2.5]},
								"up": {"uv": [21, 19], "uv_size": [1, 1]},
								"down": {"uv": [20, 22], "uv_size": [1, -1]}
							}
						},
						{
							"origin": [0.69798, 35.79681, -1.3214],
							"size": [0.75, 2.25, 0.75],
							"pivot": [1.07298, 36.92181, -0.44636],
							"rotation": [-21.09913, -7.20371, -13.20321],
							"uv": {
								"north": {"uv": [7, 2], "uv_size": [1, 2.5]},
								"east": {"uv": [7, 5], "uv_size": [1, 2.5]},
								"south": {"uv": [8, 0], "uv_size": [1, 2.5]},
								"west": {"uv": [8, 3], "uv_size": [1, 2.5]},
								"up": {"uv": [21, 20], "uv_size": [1, 1]},
								"down": {"uv": [21, 22], "uv_size": [1, -1]}
							}
						}
					]
				},
				{
					"name": "bowR8",
					"parent": "bow3",
					"pivot": [-0.38199, 38.97887, 0.42146],
					"rotation": [0, 0, 15],
					"cubes": [
						{
							"origin": [-0.83965, 37.66747, -0.4401],
							"size": [0.75, 2.625, 0.75],
							"pivot": [-0.46465, 38.97997, 0.43494],
							"rotation": [-18.4536, 11.31542, 9.17364],
							"uv": {
								"north": {"uv": [6, 8], "uv_size": [1, 2.5]},
								"east": {"uv": [4, 16], "uv_size": [0.5, 2.5]},
								"south": {"uv": [8, 6], "uv_size": [1, 2.5]},
								"west": {"uv": [5, 16], "uv_size": [0.5, 2.5]},
								"up": {"uv": [25, 7], "uv_size": [1, 0.5]},
								"down": {"uv": [8, 25.5], "uv_size": [1, -0.5]}
							}
						},
						{
							"origin": [-0.67433, 37.70278, -0.467],
							"size": [0.75, 2.55, 0.75],
							"pivot": [-0.29933, 38.97778, 0.40798],
							"rotation": [-19.86021, 8.52131, 1.02311],
							"uv": {
								"north": {"uv": [7, 8], "uv_size": [1, 2.5]},
								"east": {"uv": [16, 6], "uv_size": [0.5, 2.5]},
								"south": {"uv": [9, 0], "uv_size": [1, 2.5]},
								"west": {"uv": [8, 16], "uv_size": [0.5, 2.5]},
								"up": {"uv": [25, 8], "uv_size": [1, 0.5]},
								"down": {"uv": [9, 25.5], "uv_size": [1, -0.5]}
							}
						}
					]
				},
				{
					"name": "bowR9",
					"parent": "bowR8",
					"pivot": [-0.68047, 36.91362, -0.2955],
					"cubes": [
						{
							"origin": [-0.83292, 35.67077, -1.2608],
							"size": [0.75, 2.175, 0.75],
							"pivot": [-0.45792, 36.75827, -0.38578],
							"rotation": [-19.86021, 8.52131, 1.02311],
							"uv": {
								"north": {"uv": [12, 6], "uv_size": [1, 2]},
								"east": {"uv": [8, 12], "uv_size": [1, 2]},
								"south": {"uv": [12, 8], "uv_size": [1, 2]},
								"west": {"uv": [9, 12], "uv_size": [1, 2]},
								"up": {"uv": [22, 0], "uv_size": [1, 1]},
								"down": {"uv": [22, 2], "uv_size": [1, -1]}
							}
						},
						{
							"origin": [-1.27802, 36.31897, -1.0802],
							"size": [0.75, 1.5, 0.75],
							"pivot": [-0.90302, 37.06897, -0.20522],
							"rotation": [-18.4536, 11.31542, 9.17364],
							"uv": {
								"north": {"uv": [6, 15], "uv_size": [1, 1.5]},
								"east": {"uv": [24, 1], "uv_size": [0.5, 1.5]},
								"south": {"uv": [15, 6], "uv_size": [1, 1.5]},
								"west": {"uv": [24, 3], "uv_size": [0.5, 1.5]},
								"up": {"uv": [25, 9], "uv_size": [1, 0.5]},
								"down": {"uv": [10, 25.5], "uv_size": [1, -0.5]}
							}
						}
					]
				},
				{
					"name": "bowL10",
					"parent": "bow3",
					"pivot": [-0.48913, 38.75453, 0.27725],
					"rotation": [0, 0, 22.5],
					"cubes": [
						{
							"origin": [-0.81043, 37.79765, -0.6108],
							"size": [0.75, 1.875, 0.75],
							"pivot": [-0.43543, 38.73515, 0.26425],
							"rotation": [-21.88223, 4.08471, 5.25655],
							"uv": {
								"north": {"uv": [10, 12], "uv_size": [1, 2]},
								"east": {"uv": [22, 2], "uv_size": [0.5, 2]},
								"south": {"uv": [11, 12], "uv_size": [1, 2]},
								"west": {"uv": [4, 22], "uv_size": [0.5, 2]},
								"up": {"uv": [25, 10], "uv_size": [1, 0.5]},
								"down": {"uv": [11, 25.5], "uv_size": [1, -0.5]}
							}
						},
						{
							"origin": [-0.91784, 37.8364, -0.5847],
							"size": [0.75, 1.875, 0.75],
							"pivot": [-0.54284, 38.7739, 0.29025],
							"rotation": [-21.09913, 7.20371, 13.20321],
							"uv": {
								"north": {"uv": [12, 12], "uv_size": [1, 2]},
								"east": {"uv": [22, 4], "uv_size": [0.5, 2]},
								"south": {"uv": [13, 2], "uv_size": [1, 2]},
								"west": {"uv": [5, 22], "uv_size": [0.5, 2]},
								"up": {"uv": [25, 11], "uv_size": [1, 0.5]},
								"down": {"uv": [12, 25.5], "uv_size": [1, -0.5]}
							}
						}
					]
				},
				{
					"name": "bowL11",
					"parent": "bowL10",
					"pivot": [-0.86914, 36.87806, -0.47442],
					"cubes": [
						{
							"origin": [-1.04029, 35.70931, -1.3775],
							"size": [0.75, 2.25, 0.75],
							"pivot": [-0.66529, 36.83431, -0.50249],
							"rotation": [-21.88223, 4.08471, 5.25655],
							"uv": {
								"north": {"uv": [9, 3], "uv_size": [1, 2.5]},
								"east": {"uv": [4, 9], "uv_size": [1, 2.5]},
								"south": {"uv": [5, 9], "uv_size": [1, 2.5]},
								"west": {"uv": [9, 6], "uv_size": [1, 2.5]},
								"up": {"uv": [6, 22], "uv_size": [1, 1]},
								"down": {"uv": [22, 7], "uv_size": [1, -1]}
							}
						},
						{
							"origin": [-1.44798, 35.79681, -1.3214],
							"size": [0.75, 2.25, 0.75],
							"pivot": [-1.07298, 36.92181, -0.44636],
							"rotation": [-21.09913, 7.20371, 13.20321],
							"uv": {
								"north": {"uv": [8, 9], "uv_size": [1, 2.5]},
								"east": {"uv": [9, 9], "uv_size": [1, 2.5]},
								"south": {"uv": [10, 0], "uv_size": [1, 2.5]},
								"west": {"uv": [10, 3], "uv_size": [1, 2.5]},
								"up": {"uv": [7, 22], "uv_size": [1, 1]},
								"down": {"uv": [22, 8], "uv_size": [1, -1]}
							}
						}
					]
				},
				{
					"name": "bowR10",
					"parent": "bow3",
					"pivot": [0.38199, 38.97887, 0.42146],
					"rotation": [0, 0, -15],
					"cubes": [
						{
							"origin": [0.08965, 37.66747, -0.4401],
							"size": [0.75, 2.625, 0.75],
							"pivot": [0.46465, 38.97997, 0.43494],
							"rotation": [-18.4536, -11.31542, -9.17364],
							"uv": {
								"north": {"uv": [10, 6], "uv_size": [1, 2.5]},
								"east": {"uv": [9, 16], "uv_size": [0.5, 2.5]},
								"south": {"uv": [10, 9], "uv_size": [1, 2.5]},
								"west": {"uv": [16, 9], "uv_size": [0.5, 2.5]},
								"up": {"uv": [25, 12], "uv_size": [1, 0.5]},
								"down": {"uv": [13, 25.5], "uv_size": [1, -0.5]}
							}
						},
						{
							"origin": [-0.07567, 37.70278, -0.467],
							"size": [0.75, 2.55, 0.75],
							"pivot": [0.29933, 38.97778, 0.40798],
							"rotation": [-19.86021, -8.52131, -1.02311],
							"uv": {
								"north": {"uv": [11, 0], "uv_size": [1, 2.5]},
								"east": {"uv": [10, 16], "uv_size": [0.5, 2.5]},
								"south": {"uv": [11, 3], "uv_size": [1, 2.5]},
								"west": {"uv": [11, 16], "uv_size": [0.5, 2.5]},
								"up": {"uv": [25, 13], "uv_size": [1, 0.5]},
								"down": {"uv": [14, 25.5], "uv_size": [1, -0.5]}
							}
						}
					]
				},
				{
					"name": "bowR11",
					"parent": "bowR10",
					"pivot": [0.68047, 36.91362, -0.2955],
					"cubes": [
						{
							"origin": [0.08292, 35.67077, -1.2608],
							"size": [0.75, 2.175, 0.75],
							"pivot": [0.45792, 36.75827, -0.38578],
							"rotation": [-19.86021, -8.52131, -1.02311],
							"uv": {
								"north": {"uv": [13, 4], "uv_size": [1, 2]},
								"east": {"uv": [6, 13], "uv_size": [1, 2]},
								"south": {"uv": [13, 6], "uv_size": [1, 2]},
								"west": {"uv": [7, 13], "uv_size": [1, 2]},
								"up": {"uv": [8, 22], "uv_size": [1, 1]},
								"down": {"uv": [22, 9], "uv_size": [1, -1]}
							}
						},
						{
							"origin": [0.52802, 36.31897, -1.0802],
							"size": [0.75, 1.5, 0.75],
							"pivot": [0.90302, 37.06897, -0.20522],
							"rotation": [-18.4536, -11.31542, -9.17364],
							"uv": {
								"north": {"uv": [7, 15], "uv_size": [1, 1.5]},
								"east": {"uv": [4, 24], "uv_size": [0.5, 1.5]},
								"south": {"uv": [15, 8], "uv_size": [1, 1.5]},
								"west": {"uv": [5, 24], "uv_size": [0.5, 1.5]},
								"up": {"uv": [25, 14], "uv_size": [1, 0.5]},
								"down": {"uv": [15, 25.5], "uv_size": [1, -0.5]}
							}
						}
					]
				}
			]
		}
	]
}