{
	"format_version": "1.8.0",
	"animations": {
		"carryon:block": {
			"loop": true,
			"bones": {
				"root": {
					"rotation": [2, 0, 0]
				},
				"UpBody": {
					"rotation": [-15, 0, 0],
					"position": [0, 0, 1]
				},
				"Head": {
					"rotation": [25, 0, 0]
				},
				"LeftArm": {
					"rotation": [-25, 5, 5],
					"position": [0, -0.5, 0]
				},
				"LeftForeArm": {
					"rotation": [-5, 0, 0]
				},
				"LeftHandLocator": {
					"scale": 0
				},
				"RightArm": {
					"rotation": [-25, -5, -5],
					"position": [0, -0.5, 0]
				},
				"RightForeArm": {
					"rotation": [-5, 0, 0]
				},
				"RightHandLocator": {
					"scale": 0
				},
				"LeftHand": {
					"rotation": [0, 0, 0]
				},
				"RightHand": {
					"rotation": [0, 0, 0]
				},
				"clothe": {
					"rotation": [12.5, 0, 0]
				},
				"AllHead": {
					"rotation": [-19, 0, 0],
					"position": [0, 0.5, -0.4]
				},
				"skirt": {
					"rotation": [17, 0, 0]
				}
			}
		},
		"carryon:entity": {
			"loop": true,
			"bones": {
				"root": {
					"rotation": [2, 0, 0]
				},
				"UpBody": {
					"rotation": [-20, 0, 0],
					"position": [0, 0, 2]
				},
				"Head": {
					"rotation": [30, 0, 0]
				},
				"LeftArm": {
					"rotation": [-45, 5, -5],
					"position": [0, -0.5, 0]
				},
				"LeftForeArm": {
					"rotation": [-5, 0, 0]
				},
				"LeftHandLocator": {
					"scale": 0
				},
				"RightArm": {
					"rotation": [-45, -5, 5],
					"position": [0, -0.5, 0]
				},
				"RightForeArm": {
					"rotation": [-5, 0, 0]
				},
				"RightHandLocator": {
					"scale": 0
				},
				"RightHand": {
					"rotation": [0, 0, 0]
				},
				"LeftHand": {
					"rotation": [0, 0, 0]
				},
				"clothe": {
					"rotation": [15, 0, 0]
				},
				"AllHead": {
					"rotation": [-10, 0, 0],
					"position": [0, 0, -1.1]
				},
				"skirt": {
					"rotation": [20, 0, 0]
				}
			}
		},
		"carryon:player": {
			"loop": true,
			"bones": {
				"root": {
					"rotation": [2, 0, 0]
				},
				"UpBody": {
					"rotation": [-10, 0, 0],
					"position": [0, 0, 0.3]
				},
				"Head": {
					"rotation": [10, 0, 0]
				},
				"LeftArm": {
					"rotation": [-30, 5, -5],
					"position": [0, -0.5, 0]
				},
				"LeftForeArm": {
					"rotation": [-90, -47.5, 90]
				},
				"LeftHandLocator": {
					"scale": 0
				},
				"RightArm": {
					"rotation": [-30, -5, 5],
					"position": [0, -0.5, 0]
				},
				"RightForeArm": {
					"rotation": [-90, 47.5, -90]
				},
				"RightHandLocator": {
					"scale": 0
				},
				"RightHand": {
					"rotation": [0, 0, 0]
				},
				"LeftHand": {
					"rotation": [0, 0, 0]
				},
				"clothe": {
					"rotation": [7.5, 0, 0]
				},
				"AllHead": {
					"rotation": [-1, 0, 0]
				},
				"skirt": {
					"rotation": [12.5, 0, 0]
				},
				"AllBody": {
					"position": [0, 0, -2.4]
				}
			}
		},
		"carryon:princess": {
			"loop": true,
			"bones": {
				"root": {
					"rotation": [0, 0, -9],
					"position": [0.8, -2.1, -4.4]
				},
				"AllBody": {
					"rotation": [0, -90, -115],
					"position": [20, 35, 6]
				},
				"UpBody": {
					"rotation": [50, 0, 0],
					"position": [0, 1, 0.75]
				},
				"Head": {
					"rotation": [27.5, 0, 0],
					"position": [0, 0.2, -1.2]
				},
				"LongHair": {
					"rotation": [37.5, 0, 0]
				},
				"LeftArm": {
					"rotation": [-16.77609, 44.19145, -7.81185]
				},
				"LeftForeArm": {
					"rotation": [-97.5, 0, 0]
				},
				"RightArm": {
					"rotation": [-16.36648, -42.10287, -4.20805]
				},
				"RightForeArm": {
					"rotation": [-127.5, 0, 0]
				},
				"LeftLeg": {
					"rotation": [-7.61435, 9.91358, -1.31845]
				},
				"LeftLowerLeg": {
					"rotation": [65, 0, 0]
				},
				"LeftFoot": {
					"rotation": [27.5, 0, 0]
				},
				"RightLeg": {
					"rotation": [-2.17539, -10.01806, -1.21764]
				},
				"RightLowerLeg": {
					"rotation": [65, 0, 0]
				},
				"RightFoot": {
					"rotation": [7.5, 0, 0]
				},
				"RightHand": {
					"rotation": [0, 0, 0]
				},
				"LeftHand": {
					"rotation": [0, 0, 0]
				},
				"Tail": {
					"rotation": [20, 0, 0],
					"position": [0, 0, -3]
				},
				"clothe": {
					"rotation": [-37.5, 0, 0],
					"scale": [1.065, 1, 1]
				},
				"AllHead": {
					"rotation": [-9, 0, 0],
					"position": [0, 0.8, 0.3]
				},
				"DownBody": {
					"rotation": [20, 0, 0],
					"position": [0, 0.7, 6.6]
				},
				"skirt": {
					"rotation": [-44.5, 0, 0],
					"position": [0, -3.3, 0.7]
				},
				"MOFAZHANG": {
					"scale": 0.01
				},
				"MOFAZHANG2": {
					"scale": 0.01
				},
				"LeftClothe": {
					"rotation": [6, 0, 0],
					"scale": [1, 1, 0.7]
				},
				"FrontClothe": {
					"rotation": [14, 0, 0]
				},
				"RightClothe": {
					"rotation": [6, 0, 0],
					"scale": [1, 1, 0.7]
				}
			}
		}
	}
}